{"act_mean": [-0.02054872177541256, -0.008835189044475555], "act_std": [0.8333641290664673, 0.7959526181221008], "cond_mean": [0.16572988033294678, -0.01537825632840395, 0.2594219148159027, 0.0029993667267262936, -0.22882983088493347, -0.009726380929350853], "cond_std": [0.7635401487350464, 0.9131776094436646, 3.039368152618408, 2.052753210067749, 0.8275741338729858, 0.9729182124137878]}